,NewVolSales,Base_Price,Radio ,InStore,Discount,TV,Stout,NRadio,Radio
NewVolSales,1.0,-0.6820341993811879,0.047408033111991044,0.4416265237029624,0.4247606370720649,0.14530757338673,-0.37590521703769,0.046524184364522575,0.046524184364522575
Base_Price,-0.6820341993811879,1.0,-0.0007140012380989195,-0.23773325937819126,-0.19718916791795468,0.07272045042144394,0.021701795316625572,-0.0006912486332431096,-0.0006912486332431096
Radio ,0.047408033111991044,-0.0007140012380989195,1.0,-0.01818219117464704,0.1154900332057189,-0.06227843455267606,-0.18674116365791105,1.0,1.0
InStore,0.4416265237029624,-0.23773325937819126,-0.01818219117464704,1.0,0.7193763415140431,-0.01575879011028223,0.025107810472301473,-0.017811547576036972,-0.017811547576036972
Discount,0.4247606370720649,-0.19718916791795468,0.1154900332057189,0.7193763415140431,1.0,0.11507354838604325,-0.025554586268965236,0.11213471230804,0.11213471230804
TV,0.14530757338673,0.07272045042144394,-0.06227843455267606,-0.01575879011028223,0.11507354838604325,1.0,-0.1265463942480121,-0.06188679398847779,-0.06188679398847779
Stout,-0.37590521703769,0.021701795316625572,-0.18674116365791105,0.025107810472301473,-0.025554586268965236,-0.1265463942480121,1.0,-0.18506590846469304,-0.18506590846469304
NRadio,0.046524184364522575,-0.0006912486332431096,1.0,-0.017811547576036972,0.11213471230804,-0.06188679398847779,-0.18506590846469304,1.0,1.0
Radio,0.046524184364522575,-0.0006912486332431096,1.0,-0.017811547576036972,0.11213471230804,-0.06188679398847779,-0.18506590846469304,1.0,1.0
